01-22-2025 01:25:56 AM,
01-22-2025 02:33:22 AM,
01-22-2025 03:28:31 AM,
01-22-2025 04:31:12 AM,
01-22-2025 05:23:53 AM,
01-22-2025 06:50:22 AM,
01-22-2025 07:30:27 AM,11:30 AM; 1:00 PM; 2:30 PM; 4:00 PM; 4:00 PM; 5:30 PM; 5:30 PM
01-22-2025 08:30:46 AM,11:30 AM; 1:00 PM; 2:30 PM; 4:00 PM; 4:00 PM; 5:30 PM; 5:30 PM
01-22-2025 09:29:24 AM,11:30 AM; 1:00 PM; 2:30 PM; 4:00 PM; 4:00 PM; 5:30 PM; 5:30 PM
01-22-2025 10:33:34 AM,11:30 AM; 1:00 PM; 2:30 PM; 4:00 PM; 4:00 PM; 5:30 PM; 5:30 PM
01-22-2025 11:29:35 AM,11:30 AM; 1:00 PM; 2:30 PM; 4:00 PM; 4:00 PM; 5:30 PM; 5:30 PM
01-22-2025 12:36:22 PM,11:30 AM; 1:00 PM; 2:30 PM; 4:00 PM; 4:00 PM; 5:30 PM; 5:30 PM
01-22-2025 01:23:04 PM,11:30 AM; 1:00 PM; 2:30 PM; 4:00 PM; 4:00 PM; 5:30 PM; 5:30 PM
01-22-2025 02:28:32 PM,11:30 AM; 1:00 PM; 2:30 PM; 4:00 PM; 4:00 PM; 5:30 PM; 5:30 PM
01-22-2025 03:21:54 PM,11:30 AM; 1:00 PM; 2:30 PM; 4:00 PM; 4:00 PM; 5:30 PM; 5:30 PM
01-22-2025 04:30:13 PM,11:30 AM; 1:00 PM; 2:30 PM; 4:00 PM; 4:00 PM; 5:30 PM; 5:30 PM
01-23-2025 01:27:41 AM,11:30 AM; 1:00 PM; 2:30 PM; 4:00 PM; 4:00 PM; 5:30 PM; 5:30 PM
01-23-2025 02:32:28 AM,11:30 AM; 1:00 PM; 2:30 PM; 4:00 PM; 4:00 PM; 5:30 PM; 5:30 PM
01-23-2025 03:29:26 AM,11:30 AM; 1:00 PM; 2:30 PM; 4:00 PM; 4:00 PM; 5:30 PM; 5:30 PM
01-23-2025 04:33:50 AM,11:30 AM; 1:00 PM; 2:30 PM; 4:00 PM; 4:00 PM; 5:30 PM; 5:30 PM
01-23-2025 05:24:04 AM,11:30 AM; 1:00 PM; 2:30 PM; 4:00 PM; 4:00 PM; 5:30 PM; 5:30 PM
01-23-2025 06:50:30 AM,11:30 AM; 1:00 PM; 2:30 PM; 4:00 PM; 4:00 PM; 5:30 PM; 5:30 PM
01-23-2025 07:30:26 AM,11:30 AM; 1:00 PM; 2:30 PM; 4:00 PM; 4:00 PM; 5:30 PM; 5:30 PM
01-23-2025 08:30:49 AM,11:30 AM; 1:00 PM; 2:30 PM; 4:00 PM; 4:00 PM; 5:30 PM; 5:30 PM
01-23-2025 09:29:16 AM,11:30 AM; 1:00 PM; 2:30 PM; 4:00 PM; 4:00 PM; 5:30 PM; 5:30 PM
01-23-2025 10:34:18 AM,11:30 AM; 1:00 PM; 2:30 PM; 4:00 PM; 4:00 PM; 5:30 PM; 5:30 PM
01-23-2025 11:28:53 AM,11:30 AM; 1:00 PM; 2:30 PM; 4:00 PM; 4:00 PM; 5:30 PM; 5:30 PM
01-23-2025 12:34:47 PM,11:30 AM; 1:00 PM; 2:30 PM; 4:00 PM; 4:00 PM; 5:30 PM; 5:30 PM
01-23-2025 01:22:09 PM,11:30 AM; 1:00 PM; 2:30 PM; 4:00 PM; 4:00 PM; 5:30 PM; 5:30 PM
01-23-2025 02:28:08 PM,11:30 AM; 1:00 PM; 2:30 PM; 4:00 PM; 4:00 PM; 5:30 PM; 5:30 PM
01-23-2025 03:25:57 PM,11:30 AM; 1:00 PM; 2:30 PM; 4:00 PM; 4:00 PM; 5:30 PM; 5:30 PM
01-23-2025 04:29:54 PM,11:30 AM; 1:00 PM; 2:30 PM; 4:00 PM; 4:00 PM; 5:30 PM; 5:30 PM
01-24-2025 01:25:33 AM,11:30 AM; 1:00 PM; 2:30 PM; 4:00 PM; 4:00 PM; 5:30 PM; 5:30 PM
01-24-2025 02:32:08 AM,11:30 AM; 1:00 PM; 2:30 PM; 4:00 PM; 4:00 PM; 5:30 PM; 5:30 PM
01-24-2025 03:28:03 AM,11:30 AM; 1:00 PM; 2:30 PM; 4:00 PM; 4:00 PM; 5:30 PM; 5:30 PM
01-24-2025 04:32:24 AM,11:30 AM; 1:00 PM; 2:30 PM; 4:00 PM; 4:00 PM; 5:30 PM; 5:30 PM
01-24-2025 05:23:57 AM,11:30 AM; 1:00 PM; 2:30 PM; 4:00 PM; 4:00 PM; 5:30 PM; 5:30 PM
01-24-2025 06:49:21 AM,11:30 AM; 1:00 PM; 2:30 PM; 4:00 PM; 4:00 PM; 5:30 PM; 5:30 PM
01-24-2025 07:29:24 AM,11:30 AM; 1:00 PM; 2:30 PM; 4:00 PM; 4:00 PM; 5:30 PM; 5:30 PM
01-24-2025 08:29:57 AM,11:30 AM; 1:00 PM; 2:30 PM; 4:00 PM; 4:00 PM; 5:30 PM; 5:30 PM
01-24-2025 09:28:13 AM,11:30 AM; 1:00 PM; 2:30 PM; 4:00 PM; 4:00 PM; 5:30 PM; 5:30 PM
01-24-2025 10:33:28 AM,11:30 AM; 1:00 PM; 2:30 PM; 4:00 PM; 4:00 PM; 5:30 PM; 5:30 PM
01-24-2025 11:28:00 AM,11:30 AM; 1:00 PM; 2:30 PM; 4:00 PM; 4:00 PM; 5:30 PM; 5:30 PM
01-24-2025 12:34:33 PM,11:30 AM; 1:00 PM; 2:30 PM; 4:00 PM; 4:00 PM; 5:30 PM; 5:30 PM
01-24-2025 01:22:17 PM,11:30 AM; 1:00 PM; 2:30 PM; 4:00 PM; 4:00 PM; 5:30 PM; 5:30 PM
01-24-2025 02:27:11 PM,11:30 AM; 1:00 PM; 2:30 PM; 4:00 PM; 4:00 PM; 5:30 PM; 5:30 PM
01-24-2025 03:25:24 PM,11:30 AM; 1:00 PM; 2:30 PM; 4:00 PM; 4:00 PM; 5:30 PM; 5:30 PM
01-24-2025 04:29:30 PM,11:30 AM; 1:00 PM; 2:30 PM; 4:00 PM; 4:00 PM; 5:30 PM; 5:30 PM
01-25-2025 01:24:16 AM,11:30 AM; 1:00 PM; 2:30 PM; 4:00 PM; 4:00 PM; 5:30 PM; 5:30 PM
01-25-2025 02:30:19 AM,11:30 AM; 1:00 PM; 2:30 PM; 4:00 PM; 4:00 PM; 5:30 PM; 5:30 PM
01-25-2025 03:26:20 AM,11:30 AM; 1:00 PM; 2:30 PM; 4:00 PM; 4:00 PM; 5:30 PM; 5:30 PM
01-25-2025 04:29:22 AM,11:30 AM; 1:00 PM; 2:30 PM; 4:00 PM; 4:00 PM; 5:30 PM; 5:30 PM
01-25-2025 05:22:35 AM,11:30 AM; 1:00 PM; 2:30 PM; 4:00 PM; 4:00 PM; 5:30 PM; 5:30 PM
01-25-2025 06:45:45 AM,11:30 AM; 1:00 PM; 2:30 PM; 4:00 PM; 4:00 PM; 5:30 PM; 5:30 PM
01-25-2025 07:26:11 AM,11:30 AM; 1:00 PM; 2:30 PM; 4:00 PM; 4:00 PM; 5:30 PM; 5:30 PM
01-25-2025 08:27:11 AM,11:30 AM; 1:00 PM; 2:30 PM; 4:00 PM; 4:00 PM; 5:30 PM; 5:30 PM
01-25-2025 09:26:26 AM,11:30 AM; 1:00 PM; 2:30 PM; 4:00 PM; 4:00 PM; 5:30 PM; 5:30 PM
01-25-2025 10:33:15 AM,11:30 AM; 1:00 PM; 2:30 PM; 4:00 PM; 4:00 PM; 5:30 PM; 5:30 PM
01-25-2025 11:25:41 AM,11:30 AM; 1:00 PM; 2:30 PM; 4:00 PM; 4:00 PM; 5:30 PM; 5:30 PM
01-25-2025 12:31:31 PM,11:30 AM; 1:00 PM; 2:30 PM; 4:00 PM; 4:00 PM; 5:30 PM; 5:30 PM
01-25-2025 01:21:53 PM,11:30 AM; 1:00 PM; 2:30 PM; 4:00 PM; 4:00 PM; 5:30 PM; 5:30 PM
01-25-2025 02:25:58 PM,11:30 AM; 1:00 PM; 2:30 PM; 4:00 PM; 4:00 PM; 5:30 PM; 5:30 PM
01-25-2025 03:24:13 PM,11:30 AM; 1:00 PM; 2:30 PM; 4:00 PM; 4:00 PM; 5:30 PM; 5:30 PM
01-25-2025 04:30:06 PM,11:30 AM; 1:00 PM; 2:30 PM; 4:00 PM; 4:00 PM; 5:30 PM; 5:30 PM
01-26-2025 01:23:54 AM,11:30 AM; 1:00 PM; 2:30 PM; 4:00 PM; 4:00 PM
01-26-2025 02:28:45 AM,11:30 AM; 1:00 PM; 2:30 PM; 4:00 PM; 4:00 PM
01-26-2025 03:25:55 AM,11:30 AM; 1:00 PM; 2:30 PM; 4:00 PM; 4:00 PM
01-26-2025 04:29:43 AM,11:30 AM; 1:00 PM; 2:30 PM; 4:00 PM; 4:00 PM
01-26-2025 05:21:33 AM,11:30 AM; 1:00 PM; 2:30 PM; 4:00 PM; 4:00 PM
01-26-2025 06:45:25 AM,11:30 AM; 1:00 PM; 2:30 PM; 4:00 PM; 4:00 PM
01-26-2025 07:27:36 AM,11:30 AM; 1:00 PM; 2:30 PM; 4:00 PM; 4:00 PM
01-26-2025 08:26:51 AM,11:30 AM; 1:00 PM; 2:30 PM; 4:00 PM; 4:00 PM
01-26-2025 09:26:34 AM,11:30 AM; 1:00 PM; 2:30 PM; 4:00 PM; 4:00 PM
01-26-2025 10:30:33 AM,11:30 AM; 1:00 PM; 2:30 PM; 4:00 PM; 4:00 PM
01-26-2025 11:28:10 AM,11:30 AM; 1:00 PM; 2:30 PM; 4:00 PM; 4:00 PM
01-26-2025 12:33:37 PM,11:30 AM; 1:00 PM; 2:30 PM; 4:00 PM; 4:00 PM
01-26-2025 01:21:00 PM,11:30 AM; 1:00 PM; 2:30 PM; 4:00 PM; 4:00 PM
01-26-2025 02:27:02 PM,11:30 AM; 1:00 PM; 2:30 PM; 4:00 PM; 4:00 PM
01-26-2025 03:24:38 PM,11:30 AM; 1:00 PM; 2:30 PM; 4:00 PM; 4:00 PM
01-26-2025 04:28:01 PM,11:30 AM; 1:00 PM; 2:30 PM; 4:00 PM; 4:00 PM
01-27-2025 01:25:48 AM,11:30 AM; 1:00 PM; 2:30 PM; 4:00 PM; 4:00 PM
01-27-2025 02:33:22 AM,11:30 AM; 1:00 PM; 2:30 PM; 4:00 PM; 4:00 PM
01-27-2025 03:28:55 AM,11:30 AM; 1:00 PM; 2:30 PM; 4:00 PM; 4:00 PM
01-27-2025 04:32:53 AM,11:30 AM; 1:00 PM; 2:30 PM; 4:00 PM; 4:00 PM
01-27-2025 05:24:10 AM,11:30 AM; 1:00 PM; 2:30 PM; 4:00 PM; 4:00 PM
01-27-2025 06:50:21 AM,11:30 AM; 1:00 PM; 2:30 PM; 4:00 PM; 4:00 PM
01-27-2025 07:30:31 AM,11:30 AM; 1:00 PM; 2:30 PM; 4:00 PM; 4:00 PM
01-27-2025 08:30:41 AM,11:30 AM; 1:00 PM; 2:30 PM; 4:00 PM; 4:00 PM
01-27-2025 09:25:20 AM,11:30 AM; 1:00 PM; 2:30 PM; 4:00 PM; 4:00 PM
01-27-2025 10:32:52 AM,11:30 AM; 1:00 PM; 2:30 PM; 4:00 PM; 4:00 PM
01-27-2025 11:28:35 AM,11:30 AM; 1:00 PM; 2:30 PM; 4:00 PM; 4:00 PM
01-27-2025 12:34:44 PM,11:30 AM; 1:00 PM; 2:30 PM; 4:00 PM; 4:00 PM
01-27-2025 01:22:24 PM,11:30 AM; 4:00 PM; 4:00 PM
01-27-2025 02:28:15 PM,11:30 AM; 4:00 PM; 4:00 PM
01-27-2025 03:28:12 PM,11:30 AM; 4:00 PM; 4:00 PM
01-27-2025 04:29:48 PM,11:30 AM; 4:00 PM; 4:00 PM
01-28-2025 01:25:30 AM,11:30 AM; 4:00 PM; 4:00 PM
01-28-2025 02:32:16 AM,11:30 AM; 4:00 PM; 4:00 PM
01-28-2025 03:28:06 AM,11:30 AM; 4:00 PM; 4:00 PM
01-28-2025 04:32:19 AM,11:30 AM; 4:00 PM; 4:00 PM
01-28-2025 05:23:41 AM,11:30 AM; 4:00 PM; 4:00 PM
01-28-2025 06:49:21 AM,11:30 AM; 4:00 PM; 4:00 PM
01-28-2025 07:29:50 AM,11:30 AM; 4:00 PM; 4:00 PM
01-28-2025 08:30:36 AM,11:30 AM; 4:00 PM; 4:00 PM
01-28-2025 09:29:30 AM,11:30 AM; 4:00 PM; 4:00 PM
01-28-2025 10:33:59 AM,11:30 AM; 4:00 PM; 4:00 PM
01-28-2025 11:27:52 AM,11:30 AM; 4:00 PM; 4:00 PM
01-28-2025 12:34:35 PM,11:30 AM; 4:00 PM; 4:00 PM
01-28-2025 01:22:21 PM,11:30 AM; 4:00 PM; 4:00 PM
01-28-2025 02:28:02 PM,11:30 AM; 4:00 PM; 4:00 PM
