01-23-2025 01:27:42 AM,
01-23-2025 02:32:29 AM,
01-23-2025 03:29:26 AM,
01-23-2025 04:33:51 AM,
01-23-2025 05:24:04 AM,
01-23-2025 06:50:30 AM,
01-23-2025 07:30:26 AM,11:30 AM; 1:00 PM; 2:30 PM; 4:00 PM; 7:00 PM; 7:00 PM; 8:30 PM; 8:30 PM
01-23-2025 08:30:49 AM,11:30 AM; 1:00 PM; 2:30 PM; 4:00 PM; 7:00 PM; 7:00 PM; 8:30 PM; 8:30 PM
01-23-2025 09:29:16 AM,11:30 AM; 1:00 PM; 2:30 PM; 4:00 PM; 7:00 PM; 7:00 PM; 8:30 PM; 8:30 PM
01-23-2025 10:34:18 AM,11:30 AM; 1:00 PM; 2:30 PM; 4:00 PM; 4:00 PM; 7:00 PM; 7:00 PM; 8:30 PM; 8:30 PM
01-23-2025 11:28:53 AM,11:30 AM; 1:00 PM; 2:30 PM; 4:00 PM; 4:00 PM; 7:00 PM; 7:00 PM; 8:30 PM; 8:30 PM
01-23-2025 12:34:47 PM,11:30 AM; 1:00 PM; 2:30 PM; 4:00 PM; 4:00 PM; 7:00 PM; 7:00 PM; 8:30 PM; 8:30 PM
01-23-2025 01:22:09 PM,11:30 AM; 1:00 PM; 2:30 PM; 4:00 PM; 4:00 PM; 7:00 PM; 7:00 PM; 8:30 PM; 8:30 PM
01-23-2025 02:28:09 PM,11:30 AM; 1:00 PM; 2:30 PM; 4:00 PM; 4:00 PM; 7:00 PM; 7:00 PM; 8:30 PM; 8:30 PM
01-23-2025 03:25:57 PM,11:30 AM; 1:00 PM; 2:30 PM; 4:00 PM; 4:00 PM; 7:00 PM; 7:00 PM; 8:30 PM; 8:30 PM
01-23-2025 04:29:54 PM,11:30 AM; 1:00 PM; 2:30 PM; 4:00 PM; 4:00 PM; 7:00 PM; 7:00 PM; 8:30 PM; 8:30 PM
01-24-2025 01:25:33 AM,11:30 AM; 1:00 PM; 2:30 PM; 4:00 PM; 4:00 PM; 7:00 PM; 7:00 PM; 8:30 PM; 8:30 PM
01-24-2025 02:32:08 AM,11:30 AM; 1:00 PM; 2:30 PM; 4:00 PM; 4:00 PM; 7:00 PM; 7:00 PM; 8:30 PM; 8:30 PM
01-24-2025 03:28:04 AM,11:30 AM; 1:00 PM; 2:30 PM; 4:00 PM; 4:00 PM; 7:00 PM; 7:00 PM; 8:30 PM; 8:30 PM
01-24-2025 04:32:24 AM,11:30 AM; 1:00 PM; 2:30 PM; 4:00 PM; 4:00 PM; 7:00 PM; 7:00 PM; 8:30 PM; 8:30 PM
01-24-2025 05:23:57 AM,11:30 AM; 1:00 PM; 2:30 PM; 4:00 PM; 4:00 PM; 7:00 PM; 7:00 PM; 8:30 PM; 8:30 PM
01-24-2025 06:49:22 AM,11:30 AM; 1:00 PM; 2:30 PM; 4:00 PM; 4:00 PM; 7:00 PM; 7:00 PM; 8:30 PM; 8:30 PM
01-24-2025 07:29:25 AM,11:30 AM; 1:00 PM; 2:30 PM; 4:00 PM; 4:00 PM; 7:00 PM; 7:00 PM; 8:30 PM; 8:30 PM
01-24-2025 08:29:58 AM,11:30 AM; 1:00 PM; 2:30 PM; 4:00 PM; 4:00 PM; 7:00 PM; 7:00 PM; 8:30 PM; 8:30 PM
01-24-2025 09:28:13 AM,11:30 AM; 1:00 PM; 2:30 PM; 4:00 PM; 4:00 PM; 7:00 PM; 7:00 PM; 8:30 PM; 8:30 PM
01-24-2025 10:33:29 AM,11:30 AM; 1:00 PM; 2:30 PM; 4:00 PM; 4:00 PM; 7:00 PM; 7:00 PM; 8:30 PM; 8:30 PM
01-24-2025 11:28:00 AM,11:30 AM; 1:00 PM; 2:30 PM; 4:00 PM; 4:00 PM; 7:00 PM; 7:00 PM; 8:30 PM; 8:30 PM
01-24-2025 12:34:33 PM,11:30 AM; 1:00 PM; 2:30 PM; 4:00 PM; 4:00 PM; 7:00 PM; 7:00 PM; 8:30 PM; 8:30 PM
01-24-2025 01:22:17 PM,11:30 AM; 1:00 PM; 2:30 PM; 4:00 PM; 4:00 PM; 7:00 PM; 7:00 PM; 8:30 PM; 8:30 PM
01-24-2025 02:27:11 PM,11:30 AM; 1:00 PM; 2:30 PM; 4:00 PM; 4:00 PM; 7:00 PM; 7:00 PM; 8:30 PM; 8:30 PM
01-24-2025 03:25:24 PM,11:30 AM; 1:00 PM; 2:30 PM; 4:00 PM; 4:00 PM; 7:00 PM; 7:00 PM; 8:30 PM; 8:30 PM
01-24-2025 04:29:30 PM,11:30 AM; 1:00 PM; 2:30 PM; 4:00 PM; 4:00 PM; 7:00 PM; 7:00 PM; 8:30 PM; 8:30 PM
01-25-2025 01:24:16 AM,11:30 AM; 1:00 PM; 2:30 PM; 4:00 PM; 4:00 PM; 7:00 PM; 7:00 PM; 8:30 PM; 8:30 PM
01-25-2025 02:30:20 AM,11:30 AM; 1:00 PM; 2:30 PM; 4:00 PM; 4:00 PM; 7:00 PM; 7:00 PM; 8:30 PM; 8:30 PM
01-25-2025 03:26:20 AM,11:30 AM; 1:00 PM; 2:30 PM; 4:00 PM; 4:00 PM; 7:00 PM; 7:00 PM; 8:30 PM; 8:30 PM
01-25-2025 04:29:22 AM,11:30 AM; 1:00 PM; 2:30 PM; 4:00 PM; 4:00 PM; 7:00 PM; 7:00 PM; 8:30 PM; 8:30 PM
01-25-2025 05:22:35 AM,11:30 AM; 1:00 PM; 2:30 PM; 4:00 PM; 4:00 PM; 7:00 PM; 7:00 PM; 8:30 PM; 8:30 PM
01-25-2025 06:45:45 AM,11:30 AM; 1:00 PM; 2:30 PM; 4:00 PM; 4:00 PM; 7:00 PM; 7:00 PM; 8:30 PM; 8:30 PM
01-25-2025 07:26:12 AM,11:30 AM; 1:00 PM; 2:30 PM; 4:00 PM; 4:00 PM; 7:00 PM; 7:00 PM; 8:30 PM; 8:30 PM
01-25-2025 08:27:11 AM,11:30 AM; 1:00 PM; 2:30 PM; 4:00 PM; 4:00 PM; 7:00 PM; 7:00 PM; 8:30 PM; 8:30 PM
01-25-2025 09:26:27 AM,11:30 AM; 1:00 PM; 2:30 PM; 4:00 PM; 4:00 PM; 7:00 PM; 7:00 PM; 8:30 PM; 8:30 PM
01-25-2025 10:33:16 AM,11:30 AM; 1:00 PM; 2:30 PM; 4:00 PM; 4:00 PM; 7:00 PM; 7:00 PM; 8:30 PM; 8:30 PM
01-25-2025 11:25:41 AM,11:30 AM; 1:00 PM; 2:30 PM; 4:00 PM; 4:00 PM; 7:00 PM; 7:00 PM; 8:30 PM; 8:30 PM
01-25-2025 12:31:32 PM,11:30 AM; 1:00 PM; 2:30 PM; 4:00 PM; 4:00 PM; 7:00 PM; 7:00 PM; 8:30 PM; 8:30 PM
01-25-2025 01:21:53 PM,11:30 AM; 1:00 PM; 2:30 PM; 4:00 PM; 4:00 PM; 7:00 PM; 7:00 PM; 8:30 PM; 8:30 PM
01-25-2025 02:25:59 PM,11:30 AM; 1:00 PM; 2:30 PM; 4:00 PM; 4:00 PM; 7:00 PM; 7:00 PM; 8:30 PM; 8:30 PM
01-25-2025 03:24:13 PM,11:30 AM; 1:00 PM; 2:30 PM; 4:00 PM; 4:00 PM; 7:00 PM; 7:00 PM; 8:30 PM; 8:30 PM
01-25-2025 04:30:06 PM,11:30 AM; 1:00 PM; 2:30 PM; 4:00 PM; 4:00 PM; 7:00 PM; 7:00 PM; 8:30 PM; 8:30 PM
01-26-2025 01:23:55 AM,11:30 AM; 1:00 PM; 2:30 PM; 4:00 PM; 4:00 PM; 7:00 PM; 7:00 PM; 8:30 PM; 8:30 PM
01-26-2025 02:28:45 AM,11:30 AM; 1:00 PM; 2:30 PM; 4:00 PM; 4:00 PM; 7:00 PM; 7:00 PM; 8:30 PM; 8:30 PM
01-26-2025 03:25:55 AM,11:30 AM; 1:00 PM; 2:30 PM; 4:00 PM; 4:00 PM; 7:00 PM; 7:00 PM; 8:30 PM; 8:30 PM
01-26-2025 04:29:43 AM,11:30 AM; 1:00 PM; 2:30 PM; 4:00 PM; 4:00 PM; 7:00 PM; 7:00 PM; 8:30 PM; 8:30 PM
01-26-2025 05:21:33 AM,11:30 AM; 1:00 PM; 2:30 PM; 4:00 PM; 4:00 PM; 7:00 PM; 7:00 PM; 8:30 PM; 8:30 PM
01-26-2025 06:45:26 AM,11:30 AM; 1:00 PM; 2:30 PM; 4:00 PM; 4:00 PM; 7:00 PM; 7:00 PM; 8:30 PM; 8:30 PM
01-26-2025 07:27:36 AM,11:30 AM; 1:00 PM; 2:30 PM; 4:00 PM; 4:00 PM; 7:00 PM; 7:00 PM; 8:30 PM; 8:30 PM
01-26-2025 08:26:51 AM,11:30 AM; 1:00 PM; 2:30 PM; 4:00 PM; 4:00 PM; 7:00 PM; 7:00 PM; 8:30 PM; 8:30 PM
01-26-2025 09:26:34 AM,11:30 AM; 1:00 PM; 2:30 PM; 4:00 PM; 4:00 PM; 7:00 PM; 7:00 PM; 8:30 PM; 8:30 PM
01-26-2025 10:30:33 AM,11:30 AM; 1:00 PM; 2:30 PM; 4:00 PM; 4:00 PM; 7:00 PM; 7:00 PM; 8:30 PM; 8:30 PM
01-26-2025 11:28:10 AM,11:30 AM; 1:00 PM; 2:30 PM; 4:00 PM; 4:00 PM; 7:00 PM; 7:00 PM; 8:30 PM; 8:30 PM
01-26-2025 12:33:37 PM,11:30 AM; 1:00 PM; 2:30 PM; 4:00 PM; 4:00 PM; 7:00 PM; 7:00 PM; 8:30 PM; 8:30 PM
01-26-2025 01:21:01 PM,11:30 AM; 1:00 PM; 2:30 PM; 4:00 PM; 4:00 PM; 7:00 PM; 7:00 PM; 8:30 PM; 8:30 PM
01-26-2025 02:27:03 PM,11:30 AM; 1:00 PM; 2:30 PM; 4:00 PM; 4:00 PM; 7:00 PM; 7:00 PM; 8:30 PM; 8:30 PM
01-26-2025 03:24:38 PM,11:30 AM; 1:00 PM; 2:30 PM; 4:00 PM; 4:00 PM; 7:00 PM; 7:00 PM; 8:30 PM; 8:30 PM
01-26-2025 04:28:02 PM,11:30 AM; 1:00 PM; 2:30 PM; 4:00 PM; 4:00 PM; 7:00 PM; 7:00 PM; 8:30 PM; 8:30 PM
01-27-2025 01:25:49 AM,11:30 AM; 1:00 PM; 2:30 PM; 4:00 PM; 4:00 PM; 7:00 PM; 7:00 PM; 8:30 PM; 8:30 PM
01-27-2025 02:33:23 AM,11:30 AM; 1:00 PM; 2:30 PM; 4:00 PM; 4:00 PM; 7:00 PM; 7:00 PM; 8:30 PM; 8:30 PM
01-27-2025 03:28:55 AM,11:30 AM; 1:00 PM; 2:30 PM; 4:00 PM; 4:00 PM; 7:00 PM; 7:00 PM; 8:30 PM; 8:30 PM
01-27-2025 04:32:53 AM,11:30 AM; 1:00 PM; 2:30 PM; 4:00 PM; 4:00 PM; 7:00 PM; 7:00 PM; 8:30 PM; 8:30 PM
01-27-2025 05:24:10 AM,11:30 AM; 1:00 PM; 2:30 PM; 4:00 PM; 4:00 PM; 7:00 PM; 7:00 PM; 8:30 PM; 8:30 PM
01-27-2025 06:50:22 AM,11:30 AM; 1:00 PM; 2:30 PM; 4:00 PM; 4:00 PM; 7:00 PM; 7:00 PM; 8:30 PM; 8:30 PM
01-27-2025 07:30:31 AM,11:30 AM; 1:00 PM; 2:30 PM; 4:00 PM; 4:00 PM; 7:00 PM; 7:00 PM; 8:30 PM; 8:30 PM
01-27-2025 08:30:41 AM,11:30 AM; 1:00 PM; 2:30 PM; 4:00 PM; 4:00 PM; 7:00 PM; 7:00 PM; 8:30 PM; 8:30 PM
01-27-2025 09:25:21 AM,11:30 AM; 1:00 PM; 2:30 PM; 4:00 PM; 4:00 PM; 7:00 PM; 7:00 PM; 8:30 PM; 8:30 PM
01-27-2025 10:32:52 AM,11:30 AM; 1:00 PM; 2:30 PM; 4:00 PM; 4:00 PM; 7:00 PM; 7:00 PM; 8:30 PM; 8:30 PM
01-27-2025 11:28:35 AM,11:30 AM; 1:00 PM; 2:30 PM; 4:00 PM; 4:00 PM; 7:00 PM; 7:00 PM; 8:30 PM; 8:30 PM
01-27-2025 12:34:44 PM,11:30 AM; 1:00 PM; 2:30 PM; 4:00 PM; 4:00 PM; 7:00 PM; 7:00 PM; 8:30 PM; 8:30 PM
01-27-2025 01:22:25 PM,11:30 AM; 1:00 PM; 2:30 PM; 4:00 PM; 4:00 PM; 7:00 PM; 7:00 PM; 8:30 PM; 8:30 PM
01-27-2025 02:28:16 PM,11:30 AM; 1:00 PM; 2:30 PM; 4:00 PM; 4:00 PM; 7:00 PM; 7:00 PM; 8:30 PM; 8:30 PM
01-27-2025 03:28:13 PM,11:30 AM; 1:00 PM; 2:30 PM; 4:00 PM; 4:00 PM; 7:00 PM; 7:00 PM; 8:30 PM; 8:30 PM
01-27-2025 04:29:48 PM,11:30 AM; 1:00 PM; 2:30 PM; 4:00 PM; 4:00 PM; 7:00 PM; 7:00 PM; 8:30 PM; 8:30 PM
01-28-2025 01:25:31 AM,11:30 AM; 1:00 PM; 2:30 PM; 4:00 PM; 4:00 PM; 7:00 PM; 7:00 PM; 8:30 PM; 8:30 PM
01-28-2025 02:32:17 AM,11:30 AM; 1:00 PM; 2:30 PM; 4:00 PM; 4:00 PM; 7:00 PM; 7:00 PM; 8:30 PM; 8:30 PM
01-28-2025 03:28:07 AM,11:30 AM; 1:00 PM; 2:30 PM; 4:00 PM; 4:00 PM; 7:00 PM; 7:00 PM; 8:30 PM; 8:30 PM
01-28-2025 04:32:19 AM,11:30 AM; 1:00 PM; 2:30 PM; 4:00 PM; 4:00 PM; 7:00 PM; 7:00 PM; 8:30 PM; 8:30 PM
01-28-2025 05:23:41 AM,11:30 AM; 1:00 PM; 2:30 PM; 4:00 PM; 4:00 PM; 7:00 PM; 7:00 PM; 8:30 PM; 8:30 PM
01-28-2025 06:49:21 AM,11:30 AM; 1:00 PM; 2:30 PM; 4:00 PM; 4:00 PM; 7:00 PM; 7:00 PM; 8:30 PM; 8:30 PM
01-28-2025 07:29:50 AM,11:30 AM; 1:00 PM; 2:30 PM; 4:00 PM; 4:00 PM; 7:00 PM; 7:00 PM; 8:30 PM; 8:30 PM
01-28-2025 08:30:36 AM,11:30 AM; 1:00 PM; 2:30 PM; 4:00 PM; 4:00 PM; 7:00 PM; 7:00 PM; 8:30 PM; 8:30 PM
01-28-2025 09:29:30 AM,11:30 AM; 1:00 PM; 2:30 PM; 4:00 PM; 4:00 PM; 7:00 PM; 7:00 PM; 8:30 PM; 8:30 PM
01-28-2025 10:33:59 AM,11:30 AM; 1:00 PM; 2:30 PM; 4:00 PM; 4:00 PM; 7:00 PM; 7:00 PM; 8:30 PM; 8:30 PM
01-28-2025 11:27:53 AM,11:30 AM; 1:00 PM; 2:30 PM; 4:00 PM; 4:00 PM; 7:00 PM; 7:00 PM; 8:30 PM; 8:30 PM
01-28-2025 12:34:36 PM,11:30 AM; 1:00 PM; 2:30 PM; 4:00 PM; 4:00 PM; 7:00 PM; 7:00 PM; 8:30 PM; 8:30 PM
01-28-2025 01:22:21 PM,11:30 AM; 1:00 PM; 2:30 PM; 4:00 PM; 4:00 PM; 7:00 PM; 7:00 PM; 8:30 PM; 8:30 PM
01-28-2025 02:28:02 PM,11:30 AM; 1:00 PM; 2:30 PM; 4:00 PM; 4:00 PM; 7:00 PM; 7:00 PM; 8:30 PM; 8:30 PM
01-28-2025 03:25:40 PM,11:30 AM; 1:00 PM; 2:30 PM; 4:00 PM; 4:00 PM; 7:00 PM; 7:00 PM; 8:30 PM; 8:30 PM
01-28-2025 04:29:46 PM,11:30 AM; 1:00 PM; 2:30 PM; 4:00 PM; 4:00 PM; 7:00 PM; 7:00 PM; 8:30 PM; 8:30 PM
01-29-2025 01:25:15 AM,11:30 AM; 1:00 PM; 2:30 PM; 4:00 PM; 4:00 PM; 7:00 PM; 7:00 PM; 8:30 PM; 8:30 PM
01-29-2025 02:32:33 AM,11:30 AM; 1:00 PM; 2:30 PM; 4:00 PM; 4:00 PM; 7:00 PM; 7:00 PM; 8:30 PM; 8:30 PM
01-29-2025 03:27:51 AM,11:30 AM; 1:00 PM; 2:30 PM; 4:00 PM; 4:00 PM; 7:00 PM; 7:00 PM; 8:30 PM; 8:30 PM
01-29-2025 04:32:08 AM,11:30 AM; 1:00 PM; 2:30 PM; 4:00 PM; 4:00 PM; 7:00 PM; 7:00 PM; 8:30 PM; 8:30 PM
01-29-2025 05:23:26 AM,11:30 AM; 1:00 PM; 2:30 PM; 4:00 PM; 4:00 PM; 7:00 PM; 7:00 PM; 8:30 PM; 8:30 PM
01-29-2025 06:49:10 AM,11:30 AM; 1:00 PM; 2:30 PM; 4:00 PM; 4:00 PM; 7:00 PM; 7:00 PM; 8:30 PM; 8:30 PM
01-29-2025 07:30:28 AM,11:30 AM; 1:00 PM; 2:30 PM; 4:00 PM; 4:00 PM; 7:00 PM; 7:00 PM; 8:30 PM; 8:30 PM
01-29-2025 08:30:22 AM,11:30 AM; 1:00 PM; 2:30 PM; 4:00 PM; 4:00 PM; 7:00 PM; 7:00 PM; 8:30 PM; 8:30 PM
01-29-2025 09:28:55 AM,11:30 AM; 1:00 PM; 2:30 PM; 4:00 PM; 4:00 PM; 7:00 PM; 7:00 PM; 8:30 PM; 8:30 PM
01-29-2025 10:33:55 AM,11:30 AM; 1:00 PM; 2:30 PM; 4:00 PM; 4:00 PM; 7:00 PM; 7:00 PM; 8:30 PM; 8:30 PM
01-29-2025 11:28:31 AM,11:30 AM; 1:00 PM; 2:30 PM; 4:00 PM; 4:00 PM; 7:00 PM; 7:00 PM; 8:30 PM; 8:30 PM
01-29-2025 12:34:49 PM,11:30 AM; 1:00 PM; 2:30 PM; 4:00 PM; 4:00 PM; 7:00 PM; 7:00 PM; 8:30 PM; 8:30 PM
01-29-2025 01:23:17 PM,11:30 AM; 4:00 PM; 4:00 PM; 7:00 PM; 7:00 PM; 8:30 PM; 8:30 PM
01-29-2025 02:28:14 PM,11:30 AM; 4:00 PM; 4:00 PM; 7:00 PM; 7:00 PM; 8:30 PM; 8:30 PM
01-29-2025 03:25:45 PM,11:30 AM; 4:00 PM; 4:00 PM; 7:00 PM; 7:00 PM; 8:30 PM; 8:30 PM
01-29-2025 04:30:08 PM,11:30 AM; 4:00 PM; 4:00 PM; 7:00 PM; 7:00 PM; 8:30 PM; 8:30 PM
01-30-2025 01:24:44 AM,11:30 AM; 4:00 PM; 4:00 PM; 7:00 PM; 7:00 PM; 8:30 PM; 8:30 PM
01-30-2025 02:31:14 AM,11:30 AM; 4:00 PM; 4:00 PM; 7:00 PM; 7:00 PM; 8:30 PM; 8:30 PM
01-30-2025 03:27:33 AM,11:30 AM; 4:00 PM; 4:00 PM; 7:00 PM; 7:00 PM; 8:30 PM; 8:30 PM
01-30-2025 04:31:46 AM,11:30 AM; 4:00 PM; 4:00 PM; 7:00 PM; 7:00 PM; 8:30 PM; 8:30 PM
01-30-2025 05:24:34 AM,11:30 AM; 4:00 PM; 4:00 PM; 7:00 PM; 7:00 PM; 8:30 PM; 8:30 PM
01-30-2025 06:49:30 AM,11:30 AM; 4:00 PM; 4:00 PM; 7:00 PM; 7:00 PM; 8:30 PM; 8:30 PM
01-30-2025 07:29:48 AM,11:30 AM; 4:00 PM; 4:00 PM; 7:00 PM; 7:00 PM; 8:30 PM; 8:30 PM
01-30-2025 08:29:31 AM,11:30 AM; 4:00 PM; 4:00 PM; 7:00 PM; 7:00 PM; 8:30 PM; 8:30 PM
01-30-2025 09:28:43 AM,11:30 AM; 4:00 PM; 4:00 PM; 7:00 PM; 7:00 PM; 8:30 PM; 8:30 PM
01-30-2025 10:34:09 AM,11:30 AM; 4:00 PM; 4:00 PM; 7:00 PM; 7:00 PM; 8:30 PM; 8:30 PM
