03-07-2025 01:26:36 AM,
03-07-2025 02:34:17 AM,
03-07-2025 03:29:39 AM,
03-07-2025 04:34:03 AM,
03-07-2025 05:25:01 AM,
03-07-2025 06:52:00 AM,
03-07-2025 07:32:34 AM,11:30 AM; 1:00 PM; 2:30 PM; 4:00 PM; 5:30 PM; 7:00 PM; 8:30 PM; 10:00 PM
03-07-2025 08:31:17 AM,11:30 AM; 1:00 PM; 2:30 PM; 4:00 PM; 5:30 PM; 7:00 PM; 8:30 PM; 10:00 PM
03-07-2025 09:29:54 AM,11:30 AM; 1:00 PM; 2:30 PM; 4:00 PM; 5:30 PM; 7:00 PM; 8:30 PM; 10:00 PM
03-07-2025 10:35:15 AM,11:30 AM; 1:00 PM; 2:30 PM; 4:00 PM; 5:30 PM; 7:00 PM; 8:30 PM; 10:00 PM
03-07-2025 11:29:05 AM,11:30 AM; 1:00 PM; 2:30 PM; 4:00 PM; 5:30 PM; 7:00 PM; 8:30 PM; 10:00 PM
03-07-2025 12:36:27 PM,11:30 AM; 1:00 PM; 2:30 PM; 4:00 PM; 5:30 PM; 7:00 PM; 8:30 PM; 10:00 PM
03-07-2025 01:23:28 PM,11:30 AM; 1:00 PM; 2:30 PM; 4:00 PM; 5:30 PM; 7:00 PM; 8:30 PM; 10:00 PM
03-07-2025 02:29:33 PM,11:30 AM; 1:00 PM; 2:30 PM; 4:00 PM; 5:30 PM; 7:00 PM; 8:30 PM; 10:00 PM
03-07-2025 03:24:02 PM,11:30 AM; 1:00 PM; 2:30 PM; 4:00 PM; 5:30 PM; 7:00 PM; 8:30 PM; 10:00 PM
03-07-2025 04:26:47 PM,11:30 AM; 1:00 PM; 2:30 PM; 4:00 PM; 5:30 PM; 7:00 PM; 8:30 PM; 10:00 PM
03-08-2025 01:23:21 AM,11:30 AM; 1:00 PM; 2:30 PM; 4:00 PM; 5:30 PM; 7:00 PM; 8:30 PM; 10:00 PM
03-08-2025 02:27:18 AM,11:30 AM; 1:00 PM; 2:30 PM; 4:00 PM; 5:30 PM; 7:00 PM; 8:30 PM; 10:00 PM
03-08-2025 03:24:13 AM,11:30 AM; 1:00 PM; 2:30 PM; 4:00 PM; 5:30 PM; 7:00 PM; 8:30 PM; 10:00 PM
03-08-2025 04:27:11 AM,11:30 AM; 1:00 PM; 2:30 PM; 4:00 PM; 5:30 PM; 7:00 PM; 8:30 PM; 10:00 PM
03-08-2025 05:20:47 AM,11:30 AM; 1:00 PM; 2:30 PM; 4:00 PM; 5:30 PM; 7:00 PM; 8:30 PM; 10:00 PM
03-08-2025 06:41:42 AM,11:30 AM; 1:00 PM; 2:30 PM; 4:00 PM; 5:30 PM; 7:00 PM; 8:30 PM; 10:00 PM
03-08-2025 07:24:07 AM,11:30 AM; 1:00 PM; 2:30 PM; 4:00 PM; 5:30 PM; 7:00 PM; 8:30 PM; 10:00 PM
03-08-2025 08:24:15 AM,11:30 AM; 1:00 PM; 2:30 PM; 4:00 PM; 5:30 PM; 7:00 PM; 8:30 PM; 10:00 PM
03-08-2025 09:23:57 AM,11:30 AM; 1:00 PM; 2:30 PM; 4:00 PM; 5:30 PM; 7:00 PM; 8:30 PM; 10:00 PM
03-08-2025 10:27:28 AM,11:30 AM; 1:00 PM; 2:30 PM; 4:00 PM; 5:30 PM; 7:00 PM; 8:30 PM; 10:00 PM
03-08-2025 12:28:28 PM,11:30 AM; 1:00 PM; 2:30 PM; 4:00 PM; 5:30 PM; 7:00 PM; 8:30 PM; 10:00 PM
03-08-2025 01:20:39 PM,11:30 AM; 1:00 PM; 2:30 PM; 4:00 PM; 5:30 PM; 7:00 PM; 8:30 PM; 10:00 PM
03-08-2025 02:23:31 PM,11:30 AM; 1:00 PM; 2:30 PM; 4:00 PM; 5:30 PM; 7:00 PM; 8:30 PM; 10:00 PM
03-08-2025 03:22:50 PM,11:30 AM; 1:00 PM; 2:30 PM; 4:00 PM; 5:30 PM; 7:00 PM; 8:30 PM; 10:00 PM
03-08-2025 04:25:29 PM,11:30 AM; 1:00 PM; 2:30 PM; 4:00 PM; 5:30 PM; 7:00 PM; 8:30 PM; 10:00 PM
03-09-2025 01:21:36 AM,11:30 AM; 1:00 PM; 2:30 PM; 4:00 PM; 5:30 PM; 7:00 PM; 8:30 PM; 10:00 PM
03-09-2025 03:27:38 AM,11:30 AM; 1:00 PM; 2:30 PM; 4:00 PM; 5:30 PM; 7:00 PM; 8:30 PM; 10:00 PM
03-09-2025 04:24:28 AM,11:30 AM; 1:00 PM; 2:30 PM; 4:00 PM; 5:30 PM; 7:00 PM; 8:30 PM; 10:00 PM
03-09-2025 05:31:27 AM,11:30 AM; 1:00 PM; 2:30 PM; 4:00 PM; 5:30 PM; 7:00 PM; 8:30 PM; 10:00 PM
03-09-2025 06:21:07 AM,11:30 AM; 1:00 PM; 2:30 PM; 4:00 PM; 5:30 PM; 7:00 PM; 8:30 PM; 10:00 PM
03-09-2025 07:39:51 AM,11:30 AM; 1:00 PM; 2:30 PM; 4:00 PM; 5:30 PM; 7:00 PM; 8:30 PM; 10:00 PM
03-09-2025 08:24:56 AM,11:30 AM; 1:00 PM; 2:30 PM; 4:00 PM; 5:30 PM; 7:00 PM; 8:30 PM; 10:00 PM
03-09-2025 09:25:33 AM,11:30 AM; 1:00 PM; 2:30 PM; 4:00 PM; 5:30 PM; 7:00 PM; 8:30 PM; 10:00 PM
03-09-2025 10:24:48 AM,11:30 AM; 1:00 PM; 2:30 PM; 4:00 PM; 5:30 PM; 7:00 PM; 8:30 PM; 10:00 PM
03-09-2025 11:28:04 AM,11:30 AM; 1:00 PM; 2:30 PM; 4:00 PM; 5:30 PM; 7:00 PM; 8:30 PM; 10:00 PM
03-09-2025 12:25:57 PM,11:30 AM; 1:00 PM; 2:30 PM; 4:00 PM; 5:30 PM; 7:00 PM; 8:30 PM; 10:00 PM
03-09-2025 01:28:16 PM,11:30 AM; 1:00 PM; 2:30 PM; 4:00 PM; 5:30 PM; 7:00 PM; 8:30 PM; 10:00 PM
03-09-2025 02:20:45 PM,11:30 AM; 1:00 PM; 2:30 PM; 4:00 PM; 5:30 PM; 7:00 PM; 8:30 PM; 10:00 PM
03-09-2025 03:25:46 PM,11:30 AM; 1:00 PM; 2:30 PM; 4:00 PM; 5:30 PM; 7:00 PM; 8:30 PM; 10:00 PM
03-09-2025 04:23:32 PM,11:30 AM; 1:00 PM; 2:30 PM; 4:00 PM; 5:30 PM; 7:00 PM; 8:30 PM; 10:00 PM
03-09-2025 05:26:16 PM,11:30 AM; 1:00 PM; 2:30 PM; 4:00 PM; 5:30 PM; 7:00 PM; 8:30 PM; 10:00 PM
03-10-2025 02:25:10 AM,11:30 AM; 1:00 PM; 2:30 PM; 4:00 PM; 5:30 PM; 7:00 PM; 8:30 PM; 10:00 PM
03-10-2025 03:29:42 AM,11:30 AM; 1:00 PM; 2:30 PM; 4:00 PM; 5:30 PM; 7:00 PM; 8:30 PM; 10:00 PM
03-10-2025 04:26:20 AM,11:30 AM; 1:00 PM; 2:30 PM; 4:00 PM; 5:30 PM; 7:00 PM; 8:30 PM; 10:00 PM
03-10-2025 05:30:10 AM,11:30 AM; 1:00 PM; 2:30 PM; 4:00 PM; 5:30 PM; 7:00 PM; 8:30 PM; 10:00 PM
03-10-2025 06:22:55 AM,11:30 AM; 1:00 PM; 2:30 PM; 4:00 PM; 5:30 PM; 7:00 PM; 8:30 PM; 10:00 PM
03-10-2025 07:54:09 AM,11:30 AM; 1:00 PM; 2:30 PM; 4:00 PM; 5:30 PM; 7:00 PM; 8:30 PM; 10:00 PM
