03-15-2025 02:26:07 AM,
03-15-2025 03:32:23 AM,
03-15-2025 04:27:00 AM,
03-15-2025 05:32:54 AM,
03-15-2025 06:22:58 AM,
03-15-2025 07:48:36 AM,10:00 AM; 11:30 AM; 1:00 PM; 2:30 PM; 4:00 PM; 5:30 PM; 7:00 PM; 8:30 PM; 10:00 PM
03-15-2025 08:29:41 AM,10:00 AM; 11:30 AM; 1:00 PM; 2:30 PM; 4:00 PM; 5:30 PM; 7:00 PM; 8:30 PM; 10:00 PM
03-15-2025 09:29:53 AM,10:00 AM; 11:30 AM; 1:00 PM; 2:30 PM; 4:00 PM; 5:30 PM; 7:00 PM; 8:30 PM; 10:00 PM
03-15-2025 10:27:27 AM,10:00 AM; 11:30 AM; 1:00 PM; 2:30 PM; 4:00 PM; 5:30 PM; 7:00 PM; 8:30 PM; 10:00 PM
03-15-2025 11:33:20 AM,10:00 AM; 11:30 AM; 1:00 PM; 2:30 PM; 4:00 PM; 7:00 PM; 8:30 PM; 10:00 PM
03-15-2025 12:28:38 PM,10:00 AM; 11:30 AM; 1:00 PM; 2:30 PM; 4:00 PM; 7:00 PM; 8:30 PM; 10:00 PM
03-15-2025 01:34:18 PM,10:00 AM; 11:30 AM; 1:00 PM; 2:30 PM; 4:00 PM; 7:00 PM; 8:30 PM; 10:00 PM
03-15-2025 02:24:06 PM,10:00 AM; 11:30 AM; 1:00 PM; 2:30 PM; 4:00 PM; 7:00 PM; 8:30 PM; 10:00 PM
03-15-2025 03:27:52 PM,10:00 AM; 11:30 AM; 1:00 PM; 2:30 PM; 4:00 PM; 7:00 PM; 8:30 PM; 10:00 PM
03-15-2025 04:27:19 PM,10:00 AM; 11:30 AM; 1:00 PM; 2:30 PM; 4:00 PM; 7:00 PM; 8:30 PM; 10:00 PM
03-15-2025 05:31:27 PM,10:00 AM; 11:30 AM; 1:00 PM; 2:30 PM; 4:00 PM; 7:00 PM; 8:30 PM; 10:00 PM
03-16-2025 02:25:17 AM,10:00 AM; 11:30 AM; 1:00 PM; 2:30 PM; 4:00 PM; 7:00 PM; 8:30 PM; 10:00 PM
03-16-2025 03:31:44 AM,10:00 AM; 11:30 AM; 1:00 PM; 2:30 PM; 4:00 PM; 7:00 PM; 8:30 PM; 10:00 PM
03-16-2025 04:27:01 AM,10:00 AM; 11:30 AM; 1:00 PM; 2:30 PM; 4:00 PM; 7:00 PM; 8:30 PM; 10:00 PM
03-16-2025 05:31:59 AM,10:00 AM; 11:30 AM; 1:00 PM; 2:30 PM; 4:00 PM; 7:00 PM; 8:30 PM; 10:00 PM
03-16-2025 06:25:14 AM,10:00 AM; 11:30 AM; 1:00 PM; 2:30 PM; 4:00 PM; 7:00 PM; 8:30 PM; 10:00 PM
03-16-2025 07:49:22 AM,10:00 AM; 11:30 AM; 1:00 PM; 2:30 PM; 4:00 PM; 7:00 PM; 8:30 PM; 10:00 PM
03-16-2025 08:30:46 AM,10:00 AM; 11:30 AM; 1:00 PM; 2:30 PM; 4:00 PM; 7:00 PM; 8:30 PM; 10:00 PM
03-16-2025 09:28:19 AM,10:00 AM; 11:30 AM; 1:00 PM; 2:30 PM; 4:00 PM; 7:00 PM; 8:30 PM; 10:00 PM
03-16-2025 10:27:41 AM,10:00 AM; 11:30 AM; 1:00 PM; 2:30 PM; 4:00 PM; 7:00 PM; 8:30 PM; 10:00 PM
03-16-2025 11:34:13 AM,10:00 AM; 11:30 AM; 1:00 PM; 2:30 PM; 4:00 PM; 7:00 PM; 8:30 PM; 10:00 PM
03-16-2025 12:28:32 PM,10:00 AM; 11:30 AM; 1:00 PM; 2:30 PM; 4:00 PM; 7:00 PM; 8:30 PM; 10:00 PM
03-16-2025 01:36:01 PM,10:00 AM; 11:30 AM; 1:00 PM; 2:30 PM; 4:00 PM; 7:00 PM; 8:30 PM; 10:00 PM
03-16-2025 02:22:24 PM,10:00 AM; 11:30 AM; 1:00 PM; 2:30 PM; 4:00 PM; 7:00 PM; 8:30 PM; 10:00 PM
03-16-2025 03:28:49 PM,10:00 AM; 11:30 AM; 1:00 PM; 2:30 PM; 4:00 PM; 7:00 PM; 8:30 PM; 10:00 PM
03-16-2025 04:25:51 PM,10:00 AM; 11:30 AM; 1:00 PM; 2:30 PM; 4:00 PM; 7:00 PM; 8:30 PM; 10:00 PM
03-16-2025 05:29:52 PM,10:00 AM; 11:30 AM; 1:00 PM; 2:30 PM; 4:00 PM; 7:00 PM; 8:30 PM; 10:00 PM
03-17-2025 02:28:09 AM,10:00 AM; 11:30 AM; 1:00 PM; 2:30 PM; 4:00 PM; 7:00 PM; 8:30 PM; 10:00 PM
03-17-2025 03:35:57 AM,10:00 AM; 11:30 AM; 1:00 PM; 2:30 PM; 4:00 PM; 7:00 PM; 8:30 PM; 10:00 PM
03-17-2025 04:31:18 AM,10:00 AM; 11:30 AM; 1:00 PM; 2:30 PM; 4:00 PM; 7:00 PM; 8:30 PM; 10:00 PM
03-17-2025 05:35:17 AM,10:00 AM; 11:30 AM; 1:00 PM; 2:30 PM; 4:00 PM; 7:00 PM; 8:30 PM; 10:00 PM
03-17-2025 06:25:32 AM,10:00 AM; 11:30 AM; 1:00 PM; 2:30 PM; 4:00 PM; 7:00 PM; 8:30 PM; 10:00 PM
03-17-2025 07:54:58 AM,10:00 AM; 11:30 AM; 1:00 PM; 2:30 PM; 4:00 PM; 7:00 PM; 8:30 PM; 10:00 PM
03-17-2025 08:36:52 AM,10:00 AM; 11:30 AM; 1:00 PM; 2:30 PM; 4:00 PM; 7:00 PM; 8:30 PM; 10:00 PM
03-17-2025 09:32:08 AM,10:00 AM; 11:30 AM; 1:00 PM; 2:30 PM; 4:00 PM; 7:00 PM; 8:30 PM; 10:00 PM
03-17-2025 10:31:41 AM,10:00 AM; 11:30 AM; 1:00 PM; 2:30 PM; 4:00 PM; 7:00 PM; 8:30 PM; 10:00 PM
03-17-2025 11:38:08 AM,10:00 AM; 11:30 AM; 1:00 PM; 2:30 PM; 4:00 PM; 7:00 PM; 8:30 PM; 10:00 PM
03-17-2025 12:30:09 PM,10:00 AM; 11:30 AM; 1:00 PM; 2:30 PM; 4:00 PM; 7:00 PM; 8:30 PM; 10:00 PM
03-17-2025 01:36:55 PM,10:00 AM; 11:30 AM; 1:00 PM; 2:30 PM; 4:00 PM; 7:00 PM; 8:30 PM; 10:00 PM
03-17-2025 02:23:59 PM,10:00 AM; 11:30 AM; 1:00 PM; 2:30 PM; 4:00 PM; 7:00 PM; 8:30 PM; 10:00 PM
03-17-2025 03:30:32 PM,10:00 AM; 11:30 AM; 1:00 PM; 2:30 PM; 4:00 PM; 7:00 PM; 8:30 PM; 10:00 PM
03-17-2025 04:27:39 PM,10:00 AM; 11:30 AM; 1:00 PM; 2:30 PM; 4:00 PM; 7:00 PM; 8:30 PM; 10:00 PM
03-17-2025 05:32:17 PM,10:00 AM; 11:30 AM; 1:00 PM; 2:30 PM; 4:00 PM; 7:00 PM; 8:30 PM; 10:00 PM
03-18-2025 02:28:21 AM,10:00 AM; 11:30 AM; 1:00 PM; 2:30 PM; 4:00 PM; 7:00 PM; 8:30 PM; 10:00 PM
03-18-2025 03:35:09 AM,10:00 AM; 11:30 AM; 1:00 PM; 2:30 PM; 4:00 PM; 7:00 PM; 8:30 PM; 10:00 PM
03-18-2025 04:31:12 AM,10:00 AM; 11:30 AM; 1:00 PM; 2:30 PM; 4:00 PM; 7:00 PM; 8:30 PM; 10:00 PM
03-18-2025 05:34:44 AM,10:00 AM; 11:30 AM; 1:00 PM; 2:30 PM; 4:00 PM; 7:00 PM; 8:30 PM; 10:00 PM
03-18-2025 06:25:39 AM,10:00 AM; 11:30 AM; 1:00 PM; 2:30 PM; 4:00 PM; 7:00 PM; 8:30 PM; 10:00 PM
03-18-2025 07:54:40 AM,10:00 AM; 11:30 AM; 1:00 PM; 2:30 PM; 4:00 PM; 7:00 PM; 8:30 PM; 10:00 PM
03-18-2025 08:35:50 AM,10:00 AM; 11:30 AM; 1:00 PM; 2:30 PM; 4:00 PM; 7:00 PM; 8:30 PM; 10:00 PM
03-18-2025 09:33:37 AM,10:00 AM; 11:30 AM; 1:00 PM; 2:30 PM; 4:00 PM; 7:00 PM; 8:30 PM; 10:00 PM
03-18-2025 10:32:12 AM,10:00 AM; 11:30 AM; 1:00 PM; 2:30 PM; 4:00 PM; 7:00 PM; 8:30 PM; 10:00 PM
03-18-2025 11:38:13 AM,10:00 AM; 11:30 AM; 1:00 PM; 2:30 PM; 4:00 PM; 7:00 PM; 8:30 PM; 10:00 PM
03-18-2025 12:30:39 PM,10:00 AM; 11:30 AM; 1:00 PM; 2:30 PM; 4:00 PM; 7:00 PM; 8:30 PM; 10:00 PM
03-18-2025 01:39:56 PM,10:00 AM; 11:30 AM; 1:00 PM; 2:30 PM; 4:00 PM; 7:00 PM; 8:30 PM; 10:00 PM
03-18-2025 02:23:51 PM,10:00 AM; 11:30 AM; 1:00 PM; 2:30 PM; 4:00 PM; 7:00 PM; 8:30 PM; 10:00 PM
03-18-2025 03:29:45 PM,10:00 AM; 11:30 AM; 1:00 PM; 2:30 PM; 4:00 PM; 7:00 PM; 8:30 PM; 10:00 PM
03-18-2025 04:27:22 PM,10:00 AM; 11:30 AM; 1:00 PM; 2:30 PM; 4:00 PM; 7:00 PM; 8:30 PM; 10:00 PM
03-18-2025 05:31:22 PM,10:00 AM; 11:30 AM; 1:00 PM; 2:30 PM; 4:00 PM; 7:00 PM; 8:30 PM; 10:00 PM
03-19-2025 02:28:29 AM,10:00 AM; 11:30 AM; 1:00 PM; 2:30 PM; 4:00 PM; 7:00 PM; 8:30 PM; 10:00 PM
03-19-2025 03:38:04 AM,10:00 AM; 11:30 AM; 1:00 PM; 2:30 PM; 4:00 PM; 7:00 PM; 8:30 PM; 10:00 PM
03-19-2025 04:32:05 AM,10:00 AM; 11:30 AM; 1:00 PM; 2:30 PM; 4:00 PM; 7:00 PM; 8:30 PM; 10:00 PM
03-19-2025 05:34:52 AM,10:00 AM; 11:30 AM; 1:00 PM; 2:30 PM; 4:00 PM; 7:00 PM; 8:30 PM; 10:00 PM
03-19-2025 06:25:40 AM,10:00 AM; 11:30 AM; 1:00 PM; 2:30 PM; 4:00 PM; 7:00 PM; 8:30 PM; 10:00 PM
03-19-2025 07:54:08 AM,10:00 AM; 11:30 AM; 1:00 PM; 2:30 PM; 4:00 PM; 7:00 PM; 8:30 PM; 10:00 PM
03-19-2025 08:35:59 AM,10:00 AM; 11:30 AM; 1:00 PM; 2:30 PM; 4:00 PM; 7:00 PM; 8:30 PM; 10:00 PM
03-19-2025 09:33:32 AM,10:00 AM; 11:30 AM; 1:00 PM; 2:30 PM; 4:00 PM; 7:00 PM; 8:30 PM; 10:00 PM
03-19-2025 10:32:08 AM,10:00 AM; 11:30 AM; 1:00 PM; 2:30 PM; 4:00 PM; 7:00 PM; 8:30 PM; 10:00 PM
03-19-2025 11:37:37 AM,10:00 AM; 11:30 AM; 1:00 PM; 2:30 PM; 4:00 PM; 7:00 PM; 8:30 PM; 10:00 PM
03-19-2025 12:30:45 PM,10:00 AM; 11:30 AM; 1:00 PM; 2:30 PM; 4:00 PM; 7:00 PM; 8:30 PM; 10:00 PM
03-19-2025 01:39:14 PM,10:00 AM; 11:30 AM; 1:00 PM; 2:30 PM; 4:00 PM; 7:00 PM; 8:30 PM; 10:00 PM
03-19-2025 02:24:15 PM,10:00 AM; 11:30 AM; 1:00 PM; 2:30 PM; 4:00 PM; 7:00 PM; 8:30 PM; 10:00 PM
03-19-2025 03:30:55 PM,10:00 AM; 11:30 AM; 1:00 PM; 2:30 PM; 4:00 PM; 7:00 PM; 8:30 PM; 10:00 PM
03-19-2025 04:28:51 PM,10:00 AM; 11:30 AM; 1:00 PM; 2:30 PM; 4:00 PM; 7:00 PM; 8:30 PM; 10:00 PM
03-19-2025 05:31:43 PM,10:00 AM; 11:30 AM; 1:00 PM; 2:30 PM; 4:00 PM; 7:00 PM; 8:30 PM; 10:00 PM
