05-11-2025 02:27:22 AM,
05-11-2025 03:34:48 AM,
05-11-2025 04:29:06 AM,
05-11-2025 05:32:59 AM,
05-11-2025 06:24:41 AM,
05-11-2025 07:52:32 AM,10:00 AM; 11:30 AM; 1:00 PM; 2:30 PM; 4:00 PM; 5:30 PM; 7:00 PM; 8:30 PM
05-11-2025 08:33:02 AM,10:00 AM; 11:30 AM; 1:00 PM; 2:30 PM; 4:00 PM; 5:30 PM; 7:00 PM; 8:30 PM
05-11-2025 09:31:25 AM,10:00 AM; 11:30 AM; 1:00 PM; 2:30 PM; 4:00 PM; 5:30 PM; 7:00 PM; 8:30 PM
05-11-2025 10:29:44 AM,10:00 AM; 11:30 AM; 1:00 PM; 2:30 PM; 4:00 PM; 5:30 PM; 7:00 PM; 8:30 PM
05-11-2025 11:35:32 AM,10:00 AM; 11:30 AM; 1:00 PM; 2:30 PM; 4:00 PM; 5:30 PM; 7:00 PM; 8:30 PM
05-11-2025 12:28:30 PM,10:00 AM; 11:30 AM; 1:00 PM; 2:30 PM; 4:00 PM; 5:30 PM; 7:00 PM; 8:30 PM
05-11-2025 01:36:22 PM,10:00 AM; 11:30 AM; 1:00 PM; 2:30 PM; 4:00 PM; 5:30 PM; 7:00 PM; 8:30 PM
05-11-2025 02:24:17 PM,10:00 AM; 11:30 AM; 1:00 PM; 2:30 PM; 4:00 PM; 5:30 PM; 7:00 PM; 8:30 PM
05-11-2025 03:30:03 PM,10:00 AM; 11:30 AM; 1:00 PM; 2:30 PM; 4:00 PM; 5:30 PM; 7:00 PM; 8:30 PM
05-11-2025 04:27:11 PM,10:00 AM; 11:30 AM; 1:00 PM; 2:30 PM; 4:00 PM; 5:30 PM; 7:00 PM; 8:30 PM
05-11-2025 05:31:45 PM,10:00 AM; 11:30 AM; 1:00 PM; 2:30 PM; 4:00 PM; 5:30 PM; 7:00 PM; 8:30 PM
05-12-2025 02:30:14 AM,10:00 AM; 11:30 AM; 1:00 PM; 2:30 PM; 4:00 PM; 5:30 PM; 7:00 PM; 8:30 PM
05-12-2025 03:41:25 AM,10:00 AM; 11:30 AM; 1:00 PM; 2:30 PM; 4:00 PM; 5:30 PM; 7:00 PM; 8:30 PM
05-12-2025 04:33:43 AM,10:00 AM; 11:30 AM; 1:00 PM; 2:30 PM; 4:00 PM; 5:30 PM; 7:00 PM; 8:30 PM
05-12-2025 05:38:31 AM,10:00 AM; 11:30 AM; 1:00 PM; 2:30 PM; 4:00 PM; 5:30 PM; 7:00 PM; 8:30 PM
05-12-2025 06:27:30 AM,10:00 AM; 11:30 AM; 1:00 PM; 2:30 PM; 4:00 PM; 5:30 PM; 7:00 PM; 8:30 PM
05-12-2025 07:59:27 AM,10:00 AM; 11:30 AM; 1:00 PM; 2:30 PM; 4:00 PM; 5:30 PM; 7:00 PM; 8:30 PM
05-12-2025 08:43:01 AM,10:00 AM; 11:30 AM; 1:00 PM; 2:30 PM; 4:00 PM; 5:30 PM; 7:00 PM; 8:30 PM
05-12-2025 09:36:36 AM,10:00 AM; 11:30 AM; 1:00 PM; 2:30 PM; 4:00 PM; 5:30 PM; 7:00 PM; 8:30 PM
05-12-2025 10:34:51 AM,10:00 AM; 11:30 AM; 1:00 PM; 2:30 PM; 4:00 PM; 5:30 PM; 7:00 PM; 8:30 PM
05-12-2025 11:41:09 AM,10:00 AM; 11:30 AM; 1:00 PM; 2:30 PM; 4:00 PM; 5:30 PM; 7:00 PM; 8:30 PM
05-12-2025 12:31:35 PM,10:00 AM; 11:30 AM; 1:00 PM; 2:30 PM; 4:00 PM; 5:30 PM; 7:00 PM; 8:30 PM
05-12-2025 01:42:16 PM,10:00 AM; 11:30 AM; 1:00 PM; 2:30 PM; 4:00 PM; 5:30 PM; 7:00 PM; 8:30 PM
05-12-2025 02:25:49 PM,10:00 AM; 11:30 AM; 1:00 PM; 2:30 PM; 4:00 PM; 5:30 PM; 7:00 PM; 8:30 PM
05-12-2025 03:32:54 PM,10:00 AM; 11:30 AM; 1:00 PM; 2:30 PM; 4:00 PM; 5:30 PM; 7:00 PM; 8:30 PM
05-12-2025 04:29:07 PM,10:00 AM; 11:30 AM; 1:00 PM; 2:30 PM; 4:00 PM; 5:30 PM; 7:00 PM; 8:30 PM
05-12-2025 05:33:42 PM,10:00 AM; 11:30 AM; 1:00 PM; 2:30 PM; 4:00 PM; 5:30 PM; 7:00 PM; 8:30 PM
05-13-2025 02:30:05 AM,10:00 AM; 11:30 AM; 1:00 PM; 2:30 PM; 4:00 PM; 5:30 PM; 8:30 PM
05-13-2025 03:41:10 AM,10:00 AM; 11:30 AM; 1:00 PM; 2:30 PM; 4:00 PM; 5:30 PM; 8:30 PM
05-13-2025 04:33:18 AM,10:00 AM; 11:30 AM; 1:00 PM; 2:30 PM; 4:00 PM; 5:30 PM; 8:30 PM
05-13-2025 05:39:12 AM,10:00 AM; 11:30 AM; 1:00 PM; 2:30 PM; 4:00 PM; 5:30 PM; 8:30 PM
05-13-2025 06:27:28 AM,10:00 AM; 11:30 AM; 1:00 PM; 2:30 PM; 4:00 PM; 5:30 PM; 8:30 PM
05-13-2025 07:59:48 AM,10:00 AM; 11:30 AM; 1:00 PM; 2:30 PM; 4:00 PM; 5:30 PM; 8:30 PM
05-13-2025 08:43:40 AM,10:00 AM; 11:30 AM; 1:00 PM; 2:30 PM; 4:00 PM; 5:30 PM; 8:30 PM
05-13-2025 09:37:01 AM,10:00 AM; 11:30 AM; 1:00 PM; 2:30 PM; 4:00 PM; 5:30 PM; 8:30 PM
05-13-2025 10:33:14 AM,10:00 AM; 11:30 AM; 1:00 PM; 2:30 PM; 4:00 PM; 5:30 PM; 8:30 PM
05-13-2025 11:41:04 AM,10:00 AM; 11:30 AM; 1:00 PM; 2:30 PM; 4:00 PM; 5:30 PM; 8:30 PM
05-13-2025 12:31:56 PM,10:00 AM; 11:30 AM; 1:00 PM; 2:30 PM; 4:00 PM; 5:30 PM; 8:30 PM
05-13-2025 01:40:39 PM,10:00 AM; 11:30 AM; 1:00 PM; 2:30 PM; 4:00 PM; 5:30 PM; 8:30 PM
05-13-2025 02:26:14 PM,10:00 AM; 11:30 AM; 1:00 PM; 2:30 PM; 4:00 PM; 5:30 PM; 8:30 PM
05-13-2025 03:32:51 PM,10:00 AM; 11:30 AM; 1:00 PM; 2:30 PM; 4:00 PM; 5:30 PM; 8:30 PM
05-13-2025 04:29:20 PM,10:00 AM; 11:30 AM; 1:00 PM; 2:30 PM; 4:00 PM; 5:30 PM; 8:30 PM
05-13-2025 05:33:50 PM,10:00 AM; 11:30 AM; 1:00 PM; 2:30 PM; 4:00 PM; 5:30 PM; 8:30 PM
05-14-2025 02:29:47 AM,10:00 AM; 11:30 AM; 1:00 PM; 2:30 PM; 4:00 PM; 5:30 PM; 8:30 PM
05-14-2025 03:40:23 AM,10:00 AM; 11:30 AM; 1:00 PM; 2:30 PM; 4:00 PM; 5:30 PM; 8:30 PM
